country_code,country,year,nominal_gdp,real_gdp,cpi,population
AT,Austria,1995,54530.6,54530.6,69.61876916666667,7948278
AT,Austria,1996,55676.5,55676.5,70.91435833333334,7959017
AT,Austria,1997,56918.1,56918.1,71.84048416666667,7968041
AT,Austria,1998,58880.3,58880.3,72.50318833333334,7976789
AT,Austria,1999,61035.4,61035.4,72.91572416666666,7992324
AT,Austria,2000,63112.1,63112.1,74.6255,8011566
AT,Austria,2001,63925.3,63925.3,76.60307916666666,8042293
AT,Austria,2002,64869.4,64869.4,77.9898675,8081957
AT,Austria,2003,65586.8,65586.8,79.04706333333334,8121423
AT,Austria,2004,67208.5,67208.5,80.6763875,8171966
AT,Austria,2005,68832.1,68832.1,82.53124833333334,8227829
AT,Austria,2006,71186,71186,83.72097333333333,8268641
AT,Austria,2007,73828.3,73828.3,85.53650833333333,8295487
AT,Austria,2008,74847,74847,88.28732333333333,8321496
AT,Austria,2009,72168.8,72168.8,88.73433083333333,8343323
AT,Austria,2010,73430.6,73430.6,90.34355500000001,8363404
AT,Austria,2011,75667.2,75667.2,93.31277083333333,8391643
AT,Austria,2012,76154,76154,95.63222166666667,8429991
AT,Austria,2013,75938.1,75938.1,97.54501916666666,8479823
AT,Austria,2014,76611.9,76611.9,99.11140166666667,8546356
AT,Austria,2015,77578.4,77578.4,99.99999916666667,8642699
AT,Austria,2016,79258.6,79258.6,100.89158916666666,8736668
AT,Austria,2017,81164.7,81164.7,102.99141666666667,8797566
AT,Austria,2018,83095.1,83095.1,105.04959166666667,8840521
AT,Austria,2019,84578.9,84578.9,106.657775,8879920
AT,Austria,2020,79053.9,79053.9,108.13169166666667,8916864
AT,Austria,2021,83021.3,83021.3,111.12333333333333,8955797
AT,Austria,2022,87468.8,87468.8,120.62090833333333,9041851
AT,Austria,2023,86725.3,86725.3,130.04639166666666,9131761
AT,Austria,2024,85733.8,85733.8,133.86703333333332,9178482
AT,Austria,2025,NA,NA,NA,NA
BE,Belgium,1995,66565.4,66565.4,69.023005,10136811
BE,Belgium,1996,67445,67445,70.45663,10156637
BE,Belgium,1997,70003.6,70003.6,71.60377333333334,10181245
BE,Belgium,1998,71377,71377,72.28347666666667,10203008
BE,Belgium,1999,73905.7,73905.7,73.09366583333333,10226419
BE,Belgium,2000,76652.5,76652.5,74.95354583333334,10251250
BE,Belgium,2001,77495.4,77495.4,76.80433916666667,10286570
BE,Belgium,2002,78818.2,78818.2,78.06793833333333,10332785
BE,Belgium,2003,79636.3,79636.3,79.3084075,10376133
BE,Belgium,2004,82480.3,82480.3,80.97173083333334,10421137
BE,Belgium,2005,84395.2,84395.2,83.22390416666667,10478617
BE,Belgium,2006,86549.3,86549.3,84.71461583333333,10547958
BE,Belgium,2007,89731.6,89731.6,86.2590125,10625700
BE,Belgium,2008,90132.7,90132.7,90.1315625,10709973
BE,Belgium,2009,88414.3,88414.3,90.08366416666667,10796493
BE,Belgium,2010,90810.6,90810.6,92.05586333333333,10895586
BE,Belgium,2011,92564.3,92564.3,95.30735166666666,11038264
BE,Belgium,2012,92764.1,92764.1,98.01376083333334,11106932
BE,Belgium,2013,93047.5,93047.5,99.10474666666667,11159407
BE,Belgium,2014,94690.2,94690.2,99.441705,11209057
BE,Belgium,2015,96086.2,96086.2,99.99999666666666,11274196
BE,Belgium,2016,97232.9,97232.9,101.97385833333334,11331422
BE,Belgium,2017,98666.6,98666.6,104.14179166666666,11375158
BE,Belgium,2018,100519.5,100519.5,106.27999166666666,11427054
BE,Belgium,2019,102975.1,102975.1,107.80704166666666,11488980
BE,Belgium,2020,98039.5,98039.5,108.60565,11538604
BE,Belgium,2021,104125.4,104125.4,111.255925,11586195
BE,Belgium,2022,108560.5,108560.5,121.93371666666667,11680210
BE,Belgium,2023,109865,109865,126.87083333333334,11787423
BE,Belgium,2024,110984.5,110984.5,130.85899166666667,11876844
BE,Belgium,2025,NA,NA,NA,NA
BG,Bulgaria,1995,13165,6731.3,NA,8406067
BG,Bulgaria,1996,14053.3,7185.5,NA,8362826
BG,Bulgaria,1997,12031.7,6151.8,NA,8312068
BG,Bulgaria,1998,12503.2,6392.9,NA,8256786
BG,Bulgaria,1999,11459.3,5859.2,NA,8210624
BG,Bulgaria,2000,11943.9,6106.9,NA,8170172
BG,Bulgaria,2001,12408.2,6344.3,NA,8009142
BG,Bulgaria,2002,13122.3,6709.4,NA,7837161
BG,Bulgaria,2003,13810.6,7061.3,NA,7775327
BG,Bulgaria,2004,14723.4,7528,NA,7716860
BG,Bulgaria,2005,15747.8,8051.8,NA,7658972
BG,Bulgaria,2006,16809.8,8594.9,NA,7601022
BG,Bulgaria,2007,17978,9192.2,NA,7545338
BG,Bulgaria,2008,19067.4,9749.2,NA,7492561
BG,Bulgaria,2009,18406.3,9411.2,NA,7444443
BG,Bulgaria,2010,18661.8,9541.8,NA,7395599
BG,Bulgaria,2011,19100.1,9765.9,NA,7348328
BG,Bulgaria,2012,19195,9814.4,NA,7305888
BG,Bulgaria,2013,19082.8,9757,NA,7160005
BG,Bulgaria,2014,19297.7,9866.9,NA,7073572
BG,Bulgaria,2015,19937.1,10193.8,NA,6984225
BG,Bulgaria,2016,20546.2,10505.3,NA,6894139
BG,Bulgaria,2017,21111.7,10794.4,NA,6803468
BG,Bulgaria,2018,21631.5,11060.2,NA,6710798
BG,Bulgaria,2019,22467.8,11487.8,NA,6616726
BG,Bulgaria,2020,21778.7,11135.5,NA,6550696
BG,Bulgaria,2021,23381.4,11954.9,NA,6507301
BG,Bulgaria,2022,24343.4,12446.8,NA,6465097
BG,Bulgaria,2023,24818.1,12689.5,NA,6446596
BG,Bulgaria,2024,25475.8,13025.8,NA,6444366
BG,Bulgaria,2025,NA,NA,NA,NA
CH,Switzerland,1980,NA,NA,55.238915,6319408
CH,Switzerland,1981,NA,NA,58.824092500000006,6354074
CH,Switzerland,1982,NA,NA,62.15065666666667,6391309
CH,Switzerland,1983,NA,NA,63.98397166666667,6418773
CH,Switzerland,1984,NA,NA,65.8596325,6441865
CH,Switzerland,1985,NA,NA,68.12217666666666,6470365
CH,Switzerland,1986,NA,NA,68.63330166666667,6504124
CH,Switzerland,1987,NA,NA,69.62184333333333,6545106
CH,Switzerland,1988,NA,NA,70.92549083333333,6593386
CH,Switzerland,1989,NA,NA,73.16338166666667,6646912
CH,Switzerland,1990,NA,NA,77.11710083333334,6715519
CH,Switzerland,1991,NA,NA,81.63585083333334,6799978
CH,Switzerland,1992,NA,NA,84.93151666666667,6875364
CH,Switzerland,1993,NA,NA,87.72799,6938265
CH,Switzerland,1994,NA,NA,88.47553666666667,6993795
CH,Switzerland,1995,116291.8,84251.2,90.06794083333334,7040687
CH,Switzerland,1996,116823.2,84636.1,90.79896416666666,7071850
CH,Switzerland,1997,119435.9,86529,91.27132416666667,7088906
CH,Switzerland,1998,122942.3,89069.3,91.28769583333333,7110001
CH,Switzerland,1999,124941.2,90517.5,92.02388,7143991
CH,Switzerland,2000,130058.6,94224.9,93.4581,7184250
CH,Switzerland,2001,132157.6,95745.6,94.38241833333333,7229854
CH,Switzerland,2002,132102.4,95705.6,94.989025,7284753
CH,Switzerland,2003,131962.9,95604.5,95.59531333333334,7339001
CH,Switzerland,2004,135340.8,98051.7,96.3628575,7389625
CH,Switzerland,2005,139212.3,100856.5,97.492185,7437115
CH,Switzerland,2006,144976.6,105032.6,98.52512416666667,7483934
CH,Switzerland,2007,150661,109151,99.24666916666666,7551117
CH,Switzerland,2008,154716.8,112089.2,101.65444166666667,7647675
CH,Switzerland,2009,151152.5,109507,101.16600833333334,7743831
CH,Switzerland,2010,156007.3,113024.2,101.86228333333334,7824909
CH,Switzerland,2011,158968.8,115169.8,102.097925,7912398
CH,Switzerland,2012,160879.6,116554,101.39086666666667,7996861
CH,Switzerland,2013,163866.4,118718,101.1705,8089346
CH,Switzerland,2014,167618.9,121436.6,101.15715,8188649
CH,Switzerland,2015,170256.1,123347.2,99.99999916666667,8282396
CH,Switzerland,2016,173824.1,125932.1,99.56537833333333,8373338
CH,Switzerland,2017,176302.9,127727.9,100.09683666666666,8451840
CH,Switzerland,2018,181346.2,131381.8,101.03408333333333,8514329
CH,Switzerland,2019,183458.5,132912,101.40073333333333,8575280
CH,Switzerland,2020,179260,129870.3,100.66469166666667,8638167
CH,Switzerland,2021,189249.3,137107.4,101.250375,8704546
CH,Switzerland,2022,195159.5,141389.2,104.12083333333334,8777088
CH,Switzerland,2023,196590.7,142426.1,106.34423333333334,8888093
CH,Switzerland,2024,199254.6,144356,107.47398333333334,9034102
CH,Switzerland,2025,NA,NA,NA,NA
CY,Cyprus,1995,2846.8,2846.8,NA,862695
CY,Cyprus,1996,2882.2,2882.2,NA,880290
CY,Cyprus,1997,2958.4,2958.4,NA,897568
CY,Cyprus,1998,3139.1,3139.1,NA,914548
CY,Cyprus,1999,3296,3296,NA,931234
CY,Cyprus,2000,3492.6,3492.6,NA,947667
CY,Cyprus,2001,3630.7,3630.7,NA,964127
CY,Cyprus,2002,3765.9,3765.9,NA,981440
CY,Cyprus,2003,3864.7,3864.7,NA,999590
CY,Cyprus,2004,4058.9,4058.9,NA,1017875
CY,Cyprus,2005,4255.9,4255.9,NA,1036151
CY,Cyprus,2006,4456.5,4456.5,NA,1054418
CY,Cyprus,2007,4683.7,4683.7,NA,1072714
CY,Cyprus,2008,4854.6,4854.6,NA,1091026
CY,Cyprus,2009,4756.7,4756.7,NA,1109371
CY,Cyprus,2010,4865.3,4865.3,NA,1127816
CY,Cyprus,2011,4885.6,4885.6,NA,1146493
CY,Cyprus,2012,4717.1,4717.1,NA,1165397
CY,Cyprus,2013,4406.4,4406.4,NA,1183895
CY,Cyprus,2014,4328.1,4328.1,NA,1201801
CY,Cyprus,2015,4476.1,4476.1,NA,1219502
CY,Cyprus,2016,4770.3,4770.3,NA,1237112
CY,Cyprus,2017,5044.6,5044.6,NA,1254275
CY,Cyprus,2018,5361.1,5361.1,NA,1270737
CY,Cyprus,2019,5676.1,5676.1,NA,1286671
CY,Cyprus,2020,5493.4,5493.4,NA,1302247
CY,Cyprus,2021,6118.9,6118.9,NA,1317309
CY,Cyprus,2022,6559.7,6559.7,NA,1331370
CY,Cyprus,2023,6741,6741,NA,1344976
CY,Cyprus,2024,6973.5,6973.5,NA,1358282
CY,Cyprus,2025,NA,NA,NA,NA
CZ,Czechia,1995,682822.2,27006.1,52.233333333333334,10327253
CZ,Czechia,1996,711326.6,28133.5,56.80833333333333,10315241
CZ,Czechia,1997,706914.9,27959,61.69166666666667,10304131
CZ,Czechia,1998,704184,27851,68.29166666666667,10294373
CZ,Czechia,1999,712901.9,28195.8,69.75,10283860
CZ,Czechia,2000,743522,29406.8,72.38333333333334,10255063
CZ,Czechia,2001,765122.5,30261.1,75.75833333333334,10216605
CZ,Czechia,2002,776210,30699.7,77.2,10196916
CZ,Czechia,2003,801820.7,31712.6,77.29166666666667,10193998
CZ,Czechia,2004,838660.7,33169.6,79.425,10197101
CZ,Czechia,2005,892627.8,35304.1,80.9,10211216
CZ,Czechia,2006,953135.6,37697.2,82.95,10238905
CZ,Czechia,2007,1005351.6,39762.4,85.31666666666666,10298828
CZ,Czechia,2008,1030181.6,40744.4,90.74166666666666,10384603
CZ,Czechia,2009,981987.4,38838.3,91.66666666666667,10443936
CZ,Czechia,2010,1007286,39838.9,93.01666666666667,10474410
CZ,Czechia,2011,1025093.4,40543.2,94.8,10496088
CZ,Czechia,2012,1017856.8,40257,97.91666666666667,10510785
CZ,Czechia,2013,1017522.2,40243.7,99.325,10514272
CZ,Czechia,2014,1040367,41147.3,99.66666666666667,10525347
CZ,Czechia,2015,1092666.3,43215.7,99.975,10546059
CZ,Czechia,2016,1119925,44293.8,100.65833333333333,10566332
CZ,Czechia,2017,1179811.4,46662.4,103.125,10594438
CZ,Czechia,2018,1213036.7,47976.5,105.34166666666667,10629928
CZ,Czechia,2019,1255580.1,49659.1,108.34166666666667,10671870
CZ,Czechia,2020,1188761.1,47016.4,111.76666666666667,10697858
CZ,Czechia,2021,1235959.6,48883.1,116.05833333333334,10505772
CZ,Czechia,2022,1271187.1,50276.4,133.58333333333334,10672118
CZ,Czechia,2023,1273358,50362.2,147.825,10864042
CZ,Czechia,2024,1287481.7,50920.8,151.425,10882164
CZ,Czechia,2025,NA,NA,NA,NA
DE,Germany,1991,517341.3,517341.3,NA,80013896
DE,Germany,1992,525585.8,525585.8,NA,80624598
DE,Germany,1993,520375.8,520375.8,NA,81156363
DE,Germany,1994,534214.3,534214.3,NA,81438348
DE,Germany,1995,542659.9,542659.9,NA,81678051
DE,Germany,1996,548436.6,548436.6,NA,81914831
DE,Germany,1997,559039.3,559039.3,NA,82034771
DE,Germany,1998,569568.9,569568.9,NA,82047195
DE,Germany,1999,580902.9,580902.9,NA,82100243
DE,Germany,2000,598945.9,598945.9,NA,82211508
DE,Germany,2001,609512.1,609512.1,NA,82349925
DE,Germany,2002,608287.3,608287.3,NA,82488495
DE,Germany,2003,604996.8,604996.8,NA,82534176
DE,Germany,2004,609219.6,609219.6,NA,82516260
DE,Germany,2005,615672.7,615672.7,NA,82469422
DE,Germany,2006,640516,640516,NA,82376451
DE,Germany,2007,659692.4,659692.4,NA,82266372
DE,Germany,2008,663823.8,663823.8,NA,82110097
DE,Germany,2009,627317.4,627317.4,NA,81902307
DE,Germany,2010,652453.2,652453.2,NA,81776930
DE,Germany,2011,677442.9,677442.9,NA,80274983
DE,Germany,2012,681848.5,681848.5,NA,80425823
DE,Germany,2013,685358.3,685358.3,NA,80645605
DE,Germany,2014,700220.4,700220.4,NA,80982500
DE,Germany,2015,710146.9,710146.9,NA,81686611
DE,Germany,2016,725319.8,725319.8,NA,82348669
DE,Germany,2017,747804.9,747804.9,NA,82657002
DE,Germany,2018,756396.8,756396.8,NA,82905782
DE,Germany,2019,764038.1,764038.1,NA,83092962
DE,Germany,2020,729762,729762,NA,83160871
DE,Germany,2021,757968.9,757968.9,NA,83196078
DE,Germany,2022,772264.4,772264.4,NA,83797985
DE,Germany,2023,767054.4,767054.4,NA,83901923
DE,Germany,2024,763434.8,763434.8,NA,83510950
DE,Germany,2025,NA,NA,NA,NA
DK,Denmark,1991,327075.7,43918.7,63.188585833333335,5154298
DK,Denmark,1992,333691.8,44807.1,64.51304666666667,5171370
DK,Denmark,1993,333428.5,44771.8,65.32452833333333,5188628
DK,Denmark,1994,351082.5,47142.3,66.6258025,5206180
DK,Denmark,1995,361748.5,48574.5,68.01402333333334,5233373
DK,Denmark,1996,372223.8,49981.1,69.46020416666667,5263074
DK,Denmark,1997,384017.7,51564.7,70.97594166666667,5284991
DK,Denmark,1998,392951.1,52764.3,72.28591,5304219
DK,Denmark,1999,404611.2,54329.9,74.09146416666667,5321799
DK,Denmark,2000,419678.9,56353.2,76.24254833333333,5339616
DK,Denmark,2001,423666,56888.5,78.025,5358783
DK,Denmark,2002,425600.2,57148.2,79.91666666666667,5375931
DK,Denmark,2003,427477.5,57400.3,81.575,5390574
DK,Denmark,2004,439345.7,58994,82.51666666666667,5404523
DK,Denmark,2005,449712.6,60386,84.01666666666667,5419432
DK,Denmark,2006,466875.8,62690.6,85.63333333333334,5437272
DK,Denmark,2007,471484.7,63309.5,87.08333333333333,5461438
DK,Denmark,2008,469517.7,63045.4,90.05833333333334,5493621
DK,Denmark,2009,446161.7,59909.2,91.23333333333333,5523095
DK,Denmark,2010,453224,60857.5,93.34166666666667,5547683
DK,Denmark,2011,459164.9,61655.2,95.91666666666667,5570572
DK,Denmark,2012,459139.9,61651.9,98.21666666666667,5591572
DK,Denmark,2013,465534.2,62510.5,98.99166666666666,5614932
DK,Denmark,2014,471483.7,63309.4,99.55,5643475
DK,Denmark,2015,481405.7,64641.6,100,5683483
DK,Denmark,2016,496199.6,66628.1,100.25,5728010
DK,Denmark,2017,511365.8,68664.6,101.4,5764980
DK,Denmark,2018,520877.3,69941.8,102.225,5793636
DK,Denmark,2019,529791.6,71138.8,103,5814422
DK,Denmark,2020,520360.7,69872.4,103.43333333333334,5831404
DK,Denmark,2021,554185.9,74414.3,105.35,5856733
DK,Denmark,2022,556645.6,74744.6,113.45833333333333,5903037
DK,Denmark,2023,560010.9,75196.5,117.20833333333333,5946952
DK,Denmark,2024,579487.2,77811.7,118.81666666666666,5976992
DK,Denmark,2025,NA,NA,NA,NA
EE,Estonia,1995,1941.1,1941.1,NA,NA
EE,Estonia,1996,2034.5,2034.5,NA,NA
EE,Estonia,1997,2300.5,2300.5,NA,NA
EE,Estonia,1998,2406.3,2406.3,NA,NA
EE,Estonia,1999,2394,2394,NA,NA
EE,Estonia,2000,2630.2,2630.2,NA,NA
EE,Estonia,2001,2784.1,2784.1,NA,NA
EE,Estonia,2002,2978.6,2978.6,NA,NA
EE,Estonia,2003,3211.1,3211.1,NA,NA
EE,Estonia,2004,3423.4,3423.4,NA,NA
EE,Estonia,2005,3743.2,3743.2,NA,NA
EE,Estonia,2006,4112.7,4112.7,NA,NA
EE,Estonia,2007,4408.8,4408.8,NA,NA
EE,Estonia,2008,4205.3,4205.3,NA,NA
EE,Estonia,2009,3606.4,3606.4,NA,NA
EE,Estonia,2010,3685,3685,NA,NA
EE,Estonia,2011,3955.2,3955.2,NA,NA
EE,Estonia,2012,4099.9,4099.9,NA,NA
EE,Estonia,2013,4170.7,4170.7,NA,NA
EE,Estonia,2014,4299.3,4299.3,NA,NA
EE,Estonia,2015,4397.5,4397.5,NA,NA
EE,Estonia,2016,4530.8,4530.8,NA,NA
EE,Estonia,2017,4771.5,4771.5,NA,NA
EE,Estonia,2018,4950.1,4950.1,NA,NA
EE,Estonia,2019,5129.5,5129.5,NA,NA
EE,Estonia,2020,4999.2,4999.2,NA,NA
EE,Estonia,2021,5357.4,5357.4,NA,NA
EE,Estonia,2022,5355.4,5355.4,NA,NA
EE,Estonia,2023,5187.5,5187.5,NA,NA
EE,Estonia,2024,5174,5174,NA,NA
EE,Estonia,2025,NA,NA,NA,NA
ES,Spain,1995,180211.3,180211.3,62.639988333333335,39724050
ES,Spain,1996,184909.9,184909.9,64.86924916666666,39889852
ES,Spain,1997,191543.4,191543.4,66.14787083333333,40057389
ES,Spain,1998,199783.6,199783.6,67.36124,40223509
ES,Spain,1999,208591.8,208591.8,68.91752,40386875
ES,Spain,2000,219439.7,219439.7,71.2838125,40567864
ES,Spain,2001,228040.2,228040.2,73.842785,40850412
ES,Spain,2002,234323.7,234323.7,76.10654916666667,41431558
ES,Spain,2003,241211.2,241211.2,78.41934333333333,42187645
ES,Spain,2004,248723.5,248723.5,80.80270333333333,42921895
ES,Spain,2005,257556,257556,83.52479583333333,43653155
ES,Spain,2006,267970.6,267970.6,86.46117416666667,44397319
ES,Spain,2007,277439.1,277439.1,88.87067,45226803
ES,Spain,2008,279567.5,279567.5,92.49245666666667,45954106
ES,Spain,2009,269033,269033,92.2262525,46362946
ES,Spain,2010,269286.3,269286.3,93.88619750000001,46576897
ES,Spain,2011,267563,267563,96.886895,46742697
ES,Spain,2012,259897,259897,99.25687833333333,46773055
ES,Spain,2013,256187.5,256187.5,100.65498,46604197
ES,Spain,2014,260082.8,260082.8,100.50288,46460733
ES,Spain,2015,270644.4,270644.4,100.00001083333333,46422303
ES,Spain,2016,278533.8,278533.8,99.79740583333333,46458139
ES,Spain,2017,286600.6,286600.6,101.74951666666666,46571232
ES,Spain,2018,293465.8,293465.8,103.4538,46782011
ES,Spain,2019,299221.5,299221.5,104.177475,47118501
ES,Spain,2020,266486.2,266486.2,103.84125,47359424
ES,Spain,2021,284295.9,284295.9,107.05319166666666,47443821
ES,Spain,2022,301863.2,301863.2,116.03558333333334,47786102
ES,Spain,2023,309940,309940,120.134375,48347910
ES,Spain,2024,319703.7,319703.7,123.46711666666667,48807137
ES,Spain,2025,NA,NA,NA,NA
FI,Finland,1990,31419.3,31419.3,65.76805833333333,4986431
FI,Finland,1991,29571.7,29571.7,68.60280166666666,5013740
FI,Finland,1992,28592.1,28592.1,70.60553916666667,5041992
FI,Finland,1993,28368.6,28368.6,72.15226166666667,5066447
FI,Finland,1994,29493.6,29493.6,72.93768,5088333
FI,Finland,1995,30741.9,30741.9,73.51479166666667,5107790
FI,Finland,1996,31867,31867,73.97734249999999,5124573
FI,Finland,1997,33905.5,33905.5,74.85956583333333,5139835
FI,Finland,1998,35754.8,35754.8,75.90720583333334,5153498
FI,Finland,1999,37324.4,37324.4,76.78942333333333,5165474
FI,Finland,2000,39471.5,39471.5,79.125435,5176209
FI,Finland,2001,40514.1,40514.1,81.1656375,5188008
FI,Finland,2002,41197.7,41197.7,82.44092833333333,5200598
FI,Finland,2003,42026.4,42026.4,83.16429833333333,5213014
FI,Finland,2004,43709.9,43709.9,83.31991583333333,5228172
FI,Finland,2005,44923.6,44923.6,83.8397275,5246096
FI,Finland,2006,46729.6,46729.6,85.15321416666667,5266268
FI,Finland,2007,49211.8,49211.8,87.29112666666667,5288720
FI,Finland,2008,49598.3,49598.3,90.84034333333334,5313399
FI,Finland,2009,45592.9,45592.9,90.8403425,5338871
FI,Finland,2010,47036.8,47036.8,91.916015,5363352
FI,Finland,2011,48161.4,48161.4,95.05660833333333,5388272
FI,Finland,2012,47427.7,47427.7,97.7261175,5413971
FI,Finland,2013,46963.7,46963.7,99.17078916666667,5438972
FI,Finland,2014,46739,46739,100.20335166666666,5461512
FI,Finland,2015,46957,46957,99.995,5479531
FI,Finland,2016,48164.7,48164.7,100.35166666666667,5495303
FI,Finland,2017,49756.2,49756.2,101.10833333333333,5508214
FI,Finland,2018,50349.8,50349.8,102.20416666666667,5515525
FI,Finland,2019,51029.4,51029.4,103.25083333333333,5521606
FI,Finland,2020,49758.7,49758.7,103.55083333333333,5529543
FI,Finland,2021,51090.6,51090.6,105.82333333333334,5541017
FI,Finland,2022,51480.4,51480.4,113.36166666666666,5556106
FI,Finland,2023,50996.1,50996.1,120.4475,5583911
FI,Finland,2024,51203.6,51203.6,122.33333333333333,5637214
FI,Finland,2025,NA,NA,NA,NA
FR,France,1975,NA,NA,22.254845,54002853
FR,France,1976,NA,NA,24.396984166666666,54232383
FR,France,1977,NA,NA,26.713369166666666,54486467
FR,France,1978,NA,NA,29.184505,54734030
FR,France,1979,NA,NA,32.29170166666667,54979851
FR,France,1980,274745.6,274745.6,36.67128916666667,55274184
FR,France,1981,278005.1,278005.1,41.553853333333336,55603353
FR,France,1982,284687.4,284687.4,46.53137,55806789
FR,France,1983,288281.9,288281.9,50.9330275,56108330
FR,France,1984,293105,293105,54.8415275,56383085
FR,France,1985,297999.4,297999.4,58.03939166666667,56665619
FR,France,1986,304929.1,304929.1,59.51273666666666,56956002
FR,France,1987,312757.6,312757.6,61.47005,57266167
FR,France,1988,327363.1,327363.1,63.1302425,57598186
FR,France,1989,342372.4,342372.4,65.33872916666667,57943062
FR,France,1990,351933.4,351933.4,67.42583333333333,58261012
FR,France,1991,356479.8,356479.8,69.5925,58554242
FR,France,1992,361500.1,361500.1,71.2375,58846584
FR,France,1993,359961.9,359961.9,72.73666666666666,59103094
FR,France,1994,368610.7,368610.7,73.94083333333333,59324863
FR,France,1995,377668.9,377668.9,75.26916666666666,59541294
FR,France,1996,382755.3,382755.3,76.76166666666667,59754504
FR,France,1997,392382,392382,77.68583333333333,59968066
FR,France,1998,405981.8,405981.8,78.19166666666666,60190684
FR,France,1999,419219.8,419219.8,78.61166666666666,60501986
FR,France,2000,437524.2,437524.2,79.92916666666666,60918661
FR,France,2001,445587,445587,81.23583333333333,61364377
FR,France,2002,450589.2,450589.2,82.79833333333333,61812142
FR,France,2003,455053.5,455053.5,84.53583333333333,62249855
FR,France,2004,466539.9,466539.9,86.34666666666666,62707588
FR,France,2005,475798.5,475798.5,87.85416666666667,63180854
FR,France,2006,489740.7,489740.7,89.32583333333334,63622342
FR,France,2007,501909.4,501909.4,90.655,64016890
FR,France,2008,503226.3,503226.3,93.205,64375116
FR,France,2009,489485.2,489485.2,93.28666666666666,64706436
FR,France,2010,498483.4,498483.4,94.715,65026211
FR,France,2011,510864.8,510864.8,96.715,65340830
FR,France,2012,512037.4,512037.4,98.605,65657659
FR,France,2013,516776,516776,99.45666666666666,65997932
FR,France,2014,521948.6,521948.6,99.96166666666667,66312067
FR,France,2015,527155.8,527155.8,99.99916666666667,66548272
FR,France,2016,531026.9,531026.9,100.1825,66724104
FR,France,2017,543072.7,543072.7,101.21666666666667,66918020
FR,France,2018,551724.3,551724.3,103.09,67158348
FR,France,2019,563258.4,563258.4,104.2325,67382061
FR,France,2020,520432.8,520432.8,104.72916666666667,67601110
FR,France,2021,555791.4,555791.4,106.44916666666667,67842811
FR,France,2022,571353.3,571353.3,112.00833333333334,68065015
FR,France,2023,580608.6,580608.6,117.4725,68287487
FR,France,2024,587007.3,587007.3,119.82083333333334,68516699
FR,France,2025,NA,NA,NA,NA
HR,Croatia,1995,7306.5,7552.5,NA,4620030
HR,Croatia,1996,7753.8,8014.9,NA,4557097
HR,Croatia,1997,8218.5,8495.2,NA,4534920
HR,Croatia,1998,8410.1,8693.3,NA,4532135
HR,Croatia,1999,8347.7,8628.8,NA,4512597
HR,Croatia,2000,8594.3,8883.6,NA,4468302
HR,Croatia,2001,8856.7,9154.9,NA,4299642
HR,Croatia,2002,9364.1,9679.3,NA,4302174
HR,Croatia,2003,9885,10217.8,NA,4303399
HR,Croatia,2004,10298,10644.8,NA,4304600
HR,Croatia,2005,10734.2,11095.6,NA,4310145
HR,Croatia,2006,11280.6,11660.3,NA,4311159
HR,Croatia,2007,11847.6,12246.5,NA,4310217
HR,Croatia,2008,12079.2,12485.8,NA,4309705
HR,Croatia,2009,11257.4,11636.4,NA,4305181
HR,Croatia,2010,11108.8,11482.8,NA,4295427
HR,Croatia,2011,11101.9,11475.6,NA,4280622
HR,Croatia,2012,10861.4,11227,NA,4260368
HR,Croatia,2013,10847.4,11212.6,NA,4233922
HR,Croatia,2014,10788.9,11152.1,NA,4201598
HR,Croatia,2015,11030,11401.4,NA,4151725
HR,Croatia,2016,11422.7,11807.2,NA,4106867
HR,Croatia,2017,11788.4,12185.3,NA,4041407
HR,Croatia,2018,12129.9,12538.3,NA,3988775
HR,Croatia,2019,12513.1,12934.4,NA,3949390
HR,Croatia,2020,11520.9,11908.8,NA,3914206
HR,Croatia,2021,12923.1,13358.2,NA,3878981
HR,Croatia,2022,13859.2,14325.9,NA,3855641
HR,Croatia,2023,14316.2,14798.1,NA,3859686
HR,Croatia,2024,14878.4,15379.2,NA,3866300
HR,Croatia,2025,NA,NA,NA,NA
HU,Hungary,1995,4829645.5,17531.8,25.800588333333334,NA
HU,Hungary,1996,4834144.9,17548.1,31.855736666666665,NA
HU,Hungary,1997,4978072.2,18070.6,37.686954166666666,NA
HU,Hungary,1998,5167192.6,18757.1,43.0210875,NA
HU,Hungary,1999,5320881.5,19314.9,47.3222225,NA
HU,Hungary,2000,5567405.6,20209.9,51.961508333333335,NA
HU,Hungary,2001,5794108.1,21032.8,56.69874083333333,NA
HU,Hungary,2002,6067836.2,22026.4,59.684185,NA
HU,Hungary,2003,6300844.9,22872.2,62.466075,NA
HU,Hungary,2004,6605649.7,23978.7,66.67900333333333,NA
HU,Hungary,2005,6890901.9,25014.2,69.05378666666667,NA
HU,Hungary,2006,7173651.3,26040.6,71.76782583333333,NA
HU,Hungary,2007,7200390.9,26137.6,77.47964583333334,NA
HU,Hungary,2008,7263404.1,26366.4,82.16136416666667,NA
HU,Hungary,2009,6771516.1,24580.8,85.62176416666667,NA
HU,Hungary,2010,6839992,24829.4,89.779175,NA
HU,Hungary,2011,6971797.6,25307.8,93.30742833333333,NA
HU,Hungary,2012,6891107,25014.9,98.58129666666666,NA
HU,Hungary,2013,7031665.6,25525.1,100.28991083333334,NA
HU,Hungary,2014,7329494.6,26606.3,100.06167583333334,NA
HU,Hungary,2015,7593802.9,27565.7,99.99999166666667,NA
HU,Hungary,2016,7777484.4,28232.5,100.3947825,NA
HU,Hungary,2017,8109019.1,29436,102.75228333333334,NA
HU,Hungary,2018,8566738.6,31097.5,105.680975,NA
HU,Hungary,2019,9001500.1,32675.7,109.209225,NA
HU,Hungary,2020,8596680.5,31206.2,112.84234166666667,NA
HU,Hungary,2021,9214033.3,33447.2,118.60966666666667,NA
HU,Hungary,2022,9608717.3,34879.9,135.93634166666666,NA
HU,Hungary,2023,9542661.7,34640.1,159.21539166666668,NA
HU,Hungary,2024,9593358.1,34824.2,165.112275,NA
HU,Hungary,2025,NA,NA,NA,NA
IT,Italy,1995,353008,353008,66.5411075,56844303
IT,Italy,1996,358538.7,358538.7,69.20739416666666,56860281
IT,Italy,1997,365621.9,365621.9,70.62137583333333,56890372
IT,Italy,1998,371605.9,371605.9,72.00208416666666,56906744
IT,Italy,1999,377658.6,377658.6,73.19981,56916317
IT,Italy,2000,393541.2,393541.2,75.05739083333333,56942108
IT,Italy,2001,400840.8,400840.8,77.14786333333333,56976981
IT,Italy,2002,401825.6,401825.6,79.0498075,57089824
IT,Italy,2003,402422.4,402422.4,81.1624575,57399184
IT,Italy,2004,407455.2,407455.2,82.95349916666666,57828179
IT,Italy,2005,412117.9,412117.9,84.60036916666667,58166682
IT,Italy,2006,419919.5,419919.5,86.36923083333333,58399861
IT,Italy,2007,425288.1,425288.1,87.94956416666666,58756247
IT,Italy,2008,420773.6,420773.6,90.89396833333333,59211181
IT,Italy,2009,398373.8,398373.8,91.59818583333333,59555454
IT,Italy,2010,404265.3,404265.3,92.99553083333333,59819407
IT,Italy,2011,407723.3,407723.3,95.581395,60026841
IT,Italy,2012,394781.5,394781.5,98.4883725,60191247
IT,Italy,2013,387574.5,387574.5,99.68992416666667,60311613
IT,Italy,2014,387868.3,387868.3,99.93022416666666,60320707
IT,Italy,2015,390759.5,390759.5,99.9689875,60229605
IT,Italy,2016,396051.4,396051.4,99.875,60115223
IT,Italy,2017,402744.1,402744.1,101.1,60002252
IT,Italy,2018,405482.5,405482.5,102.25,60148658
IT,Italy,2019,407173.6,407173.6,102.875,59729081
IT,Italy,2020,370723.7,370723.7,102.73333333333333,59438851
IT,Italy,2021,403377.9,403377.9,104.65833333333333,59133173
IT,Italy,2022,423445,423445,113.24166666666666,59013667
IT,Italy,2023,426892.6,426892.6,119.60833333333333,58993475
IT,Italy,2024,429110.6,429110.6,120.78333333333333,58986023
IT,Italy,2025,NA,NA,NA,NA
JP,Japan,1994,510928.9,NA,97.7263075,125178000
JP,Japan,1995,521526.8,NA,97.64146916666667,125472000
JP,Japan,1996,535580.5,NA,97.77721333333334,125757000
JP,Japan,1997,543804.8,NA,99.440065,126057000
JP,Japan,1998,536492.2,NA,100.0848525,126400000
JP,Japan,1999,528631.6,NA,99.73701083333333,126631000
JP,Japan,2000,535693.6,NA,99.04980166666667,126843000
JP,Japan,2001,531940.3,NA,98.36260083333333,127149000
JP,Japan,2002,524581.9,NA,97.48027499999999,127445000
JP,Japan,2003,524168.8,NA,97.2257575,127718000
JP,Japan,2004,529354.1,NA,97.217272500000007,127761000
JP,Japan,2005,532643.4,NA,96.9373025,127773000
JP,Japan,2006,535176.2,NA,97.18333666666668,127854000
JP,Japan,2007,539328.4,NA,97.22575666666667,128001000
JP,Japan,2008,527840.9,NA,98.5662175,128063000
JP,Japan,2009,495048.2,NA,97.25121083333333,128047000
JP,Japan,2010,505675.3,NA,96.530075,128070000
JP,Japan,2011,497673.3,NA,96.26707333333333,127833000
JP,Japan,2012,500615.4,NA,96.22465416666667,127629000
JP,Japan,2013,508968.4,NA,96.54704333333333,127445000
JP,Japan,2014,518725,NA,99.21100166666668,127276000
JP,Japan,2015,538030.4,NA,100.00002,127141000
JP,Japan,2016,544195.1,NA,99.87275000000001,127076000
JP,Japan,2017,553040.8,NA,100.35633583333333,126972000
JP,Japan,2018,556537.6,NA,101.34894166666666,126811000
JP,Japan,2019,557818.9,NA,101.82406666666667,126633000
JP,Japan,2020,539392.7,NA,101.7986,126261000
JP,Japan,2021,553215.2,NA,101.38288333333333,125681593
JP,Japan,2022,560423.6,NA,NA,125124989
JP,Japan,2023,591290.5,NA,NA,124516650
JP,Japan,2024,609388.1,NA,NA,123975371
JP,Japan,2025,NA,NA,NA,NA
LT,Lithuania,1995,3671.4,3671.4,NA,3629102
LT,Lithuania,1996,3843.4,3843.4,NA,3601613
LT,Lithuania,1997,4164.3,4164.3,NA,3575137
LT,Lithuania,1998,4483.8,4483.8,NA,3549331
LT,Lithuania,1999,4435.1,4435.1,NA,3524238
LT,Lithuania,2000,4584.2,4584.2,NA,3499536
LT,Lithuania,2001,4888.3,4888.3,NA,3470818
LT,Lithuania,2002,5207.5,5207.5,NA,3443067
LT,Lithuania,2003,5756,5756,NA,3415213
LT,Lithuania,2004,6119.6,6119.6,NA,3377075
LT,Lithuania,2005,6620.5,6620.5,NA,3322528
LT,Lithuania,2006,7103.8,7103.8,NA,3269909
LT,Lithuania,2007,7892.4,7892.4,NA,3231294
LT,Lithuania,2008,8064.5,8064.5,NA,3198231
LT,Lithuania,2009,6894.9,6894.9,NA,3162916
LT,Lithuania,2010,6913.8,6913.8,NA,3097282
LT,Lithuania,2011,7352.4,7352.4,NA,3028115
LT,Lithuania,2012,7674.1,7674.1,NA,2989139
LT,Lithuania,2013,7987.1,7987.1,NA,2961250
LT,Lithuania,2014,8288.1,8288.1,NA,2937253
LT,Lithuania,2015,8523.9,8523.9,NA,2911109
LT,Lithuania,2016,8746.7,8746.7,NA,2877325
LT,Lithuania,2017,9158.2,9158.2,NA,2842639
LT,Lithuania,2018,9600.6,9600.6,NA,2819200
LT,Lithuania,2019,10054.1,10054.1,NA,2811089
LT,Lithuania,2020,10058.9,10058.9,NA,2810369
LT,Lithuania,2021,10698.7,10698.7,NA,2808380
LT,Lithuania,2022,10967.9,10967.9,NA,2831639
LT,Lithuania,2023,11014.9,11014.9,NA,2871585
LT,Lithuania,2024,11315.1,11315.1,NA,2888055
LT,Lithuania,2025,NA,NA,NA,NA
LU,Luxembourg,1995,5998.1,5998.1,67.93604916666666,408625
LU,Luxembourg,1996,6081,6081,68.74031666666667,414225
LU,Luxembourg,1997,6410.1,6410.1,69.68034916666666,419450
LU,Luxembourg,1998,6837.9,6837.9,70.34828416666667,424700
LU,Luxembourg,1999,7396.8,7396.8,71.0694925,430475
LU,Luxembourg,2000,7909.2,7909.2,73.30872666666667,436300
LU,Luxembourg,2001,8152.2,8152.2,75.26154,441525
LU,Luxembourg,2002,8415.4,8415.4,76.82252916666667,446175
LU,Luxembourg,2003,8638.1,8638.1,78.39726833333333,451630
LU,Luxembourg,2004,9006.7,9006.7,80.14214,458095
LU,Luxembourg,2005,9229.2,9229.2,82.13583333333334,465158
LU,Luxembourg,2006,9784.7,9784.7,84.32583333333334,472637
LU,Luxembourg,2007,10575.4,10575.4,86.27583333333334,479993
LU,Luxembourg,2008,10543.4,10543.4,89.21083333333333,488650
LU,Luxembourg,2009,10200,10200,89.53916666666667,497783
LU,Luxembourg,2010,10583.4,10583.4,91.575,506953
LU,Luxembourg,2011,10692.6,10692.6,94.69833333333334,518347
LU,Luxembourg,2012,10866.7,10866.7,97.22,530946
LU,Luxembourg,2013,11208.6,11208.6,98.90583333333333,543360
LU,Luxembourg,2014,11501.7,11501.7,99.5275,556319
LU,Luxembourg,2015,11764.1,11764.1,100,569604
LU,Luxembourg,2016,12351.2,12351.2,100.29083333333334,582014
LU,Luxembourg,2017,12515,12515,102.02666666666667,596336
LU,Luxembourg,2018,12721.2,12721.2,103.58583333333333,607950
LU,Luxembourg,2019,13072.1,13072.1,105.39166666666667,620001
LU,Luxembourg,2020,13009.1,13009.1,106.25583333333333,630419
LU,Luxembourg,2021,13909.7,13909.7,108.94083333333333,640064
LU,Luxembourg,2022,13758.9,13758.9,115.84333333333333,653103
LU,Luxembourg,2023,13661.5,13661.5,120.1775,666430
LU,Luxembourg,2024,13799.9,13799.9,122.6425,677717
LU,Luxembourg,2025,NA,NA,NA,NA
LV,Latvia,1995,2326.9,2307.5,NA,2485056
LV,Latvia,1996,2376.8,2357.1,NA,2457222
LV,Latvia,1997,2597.6,2576,NA,2432851
LV,Latvia,1998,2771.8,2748.8,NA,2410019
LV,Latvia,1999,2842.6,2818.9,NA,2390482
LV,Latvia,2000,3009.4,2984.3,NA,2367550
LV,Latvia,2001,3198.4,3171.8,NA,2337170
LV,Latvia,2002,3440.7,3412,NA,2310173
LV,Latvia,2003,3734,3703,NA,2287955
LV,Latvia,2004,4059,4025.2,NA,2263122
LV,Latvia,2005,4522.9,4485.3,NA,2238799
LV,Latvia,2006,5105.6,5063.1,NA,2218357
LV,Latvia,2007,5652.6,5605.6,NA,2200325
LV,Latvia,2008,5480.2,5434.6,NA,2177322
LV,Latvia,2009,4605.9,4567.6,NA,2141669
LV,Latvia,2010,4424.5,4387.7,NA,2097555
LV,Latvia,2011,4554.3,4516.4,NA,2059709
LV,Latvia,2012,4888.7,4848.1,NA,2034319
LV,Latvia,2013,4988.8,4947.3,NA,2012647
LV,Latvia,2014,5095.6,5053.2,NA,1993782
LV,Latvia,2015,5286.1,5242.1,NA,1977527
LV,Latvia,2016,5423.2,5378.1,NA,1959537
LV,Latvia,2017,5592.2,5545.7,NA,1942248
LV,Latvia,2018,5820,5771.5,NA,1927174
LV,Latvia,2019,5881.3,5832.3,NA,1913822
LV,Latvia,2020,5691.3,5644,NA,1900449
LV,Latvia,2021,6071.9,6021.4,NA,1884490
LV,Latvia,2022,6228.7,6176.9,NA,1879383
LV,Latvia,2023,6367.9,6314.9,NA,1877445
LV,Latvia,2024,6341.9,6289.1,NA,1862441
LV,Latvia,2025,NA,NA,NA,NA
MT,Malta,2000,1335.4,1335.4,NA,390087
MT,Malta,2001,1325.9,1325.9,NA,393028
MT,Malta,2002,1362.1,1362.1,NA,395969
MT,Malta,2003,1411.9,1411.9,NA,398582
MT,Malta,2004,1418.5,1418.5,NA,401268
MT,Malta,2005,1458.7,1458.7,NA,403834
MT,Malta,2006,1493.5,1493.5,NA,405308
MT,Malta,2007,1568.7,1568.7,NA,406724
MT,Malta,2008,1637.8,1637.8,NA,409379
MT,Malta,2009,1615.5,1615.5,NA,412477
MT,Malta,2010,1715.5,1715.5,NA,414508
MT,Malta,2011,1733.1,1733.1,NA,416268
MT,Malta,2012,1803.8,1803.8,NA,420028
MT,Malta,2013,1916.9,1916.9,NA,424810
MT,Malta,2014,2063.7,2063.7,NA,433481
MT,Malta,2015,2262,2262,NA,444220
MT,Malta,2016,2354.7,2354.7,NA,454505
MT,Malta,2017,2658.9,2658.9,NA,467106
MT,Malta,2018,2849.3,2849.3,NA,483903
MT,Malta,2019,2967,2967,NA,503912
MT,Malta,2020,2868.6,2868.6,NA,515490
MT,Malta,2021,3248.5,3248.5,NA,518150
MT,Malta,2022,3387.1,3387.1,NA,531113
MT,Malta,2023,3617.3,3617.3,NA,552747
MT,Malta,2024,3830.7,3830.7,NA,574346
MT,Malta,2025,NA,NA,NA,NA
NL,Netherlands,1996,117353.9,117353.9,68.9425,15530498
NL,Netherlands,1997,122528.9,122528.9,70.39666666666666,15610650
NL,Netherlands,1998,128114.3,128114.3,71.77583333333334,15707209
NL,Netherlands,1999,134439.8,134439.8,73.32416666666667,15812088
NL,Netherlands,2000,140245.4,140245.4,75.055,15925513
NL,Netherlands,2001,143525,143525,78.17416666666666,16046180
NL,Netherlands,2002,143889.4,143889.4,80.74416666666667,16148929
NL,Netherlands,2003,144144.1,144144.1,82.43333333333334,16225302
NL,Netherlands,2004,146677.6,146677.6,83.475,16281779
NL,Netherlands,2005,149745.1,149745.1,84.88416666666667,16319868
NL,Netherlands,2006,155224.9,155224.9,85.81916666666666,16346101
NL,Netherlands,2007,161236.7,161236.7,87.20416666666667,16381696
NL,Netherlands,2008,164690.5,164690.5,89.3725,16445593
NL,Netherlands,2009,158643.1,158643.1,90.43583333333333,16530388
NL,Netherlands,2010,160653.6,160653.6,91.58916666666667,16615394
NL,Netherlands,2011,163511.3,163511.3,93.73333333333333,16693074
NL,Netherlands,2012,161904.3,161904.3,96.035,16754962
NL,Netherlands,2013,161924.9,161924.9,98.4425,16804432
NL,Netherlands,2014,164539,164539,99.40333333333334,16865008
NL,Netherlands,2015,167990.3,167990.3,100,16939923
NL,Netherlands,2016,172055.2,172055.2,100.31666666666666,17030314
NL,Netherlands,2017,176840.6,176840.6,101.7025,17131296
NL,Netherlands,2018,180824.6,180824.6,103.435,17231624
NL,Netherlands,2019,184974.3,184974.3,106.15916666666666,17344874
NL,Netherlands,2020,177892.7,177892.7,107.51,17441500
NL,Netherlands,2021,188933.8,188933.8,110.38666666666667,17533044
NL,Netherlands,2022,198409.1,198409.1,121.42666666666666,17700982
NL,Netherlands,2023,197259.5,197259.5,126.0875,17877117
NL,Netherlands,2024,199383,199383,130.30833333333334,17994237
NL,Netherlands,2025,NA,NA,NA,NA
NO,Norway,1978,275494.1,34418.3,24.774408333333334,4058671
NO,Norway,1979,287540.1,35923.2,25.891666666666666,4072517
NO,Norway,1980,300664.3,37562.8,28.708333333333332,4085620
NO,Norway,1981,305469.7,38163.2,32.625,4099702
NO,Norway,1982,306188.8,38253,36.325,4114787
NO,Norway,1983,318353.8,39772.9,39.4,4128432
NO,Norway,1984,337621.8,42180.1,41.85,4140099
NO,Norway,1985,356371.1,44522.5,44.24166666666667,4152516
NO,Norway,1986,370775.9,46322.1,47.416666666666664,4167354
NO,Norway,1987,377277.6,47134.4,51.55,4186905
NO,Norway,1988,376315,47014.1,54.99166666666667,4209488
NO,Norway,1989,380222.1,47502.2,57.49166666666667,4226901
NO,Norway,1990,387569.3,48420.1,59.86666666666667,4241473
NO,Norway,1991,399523.5,49913.6,61.925,4261732
NO,Norway,1992,413804.4,51697.8,63.36666666666667,4286401
NO,Norway,1993,425577.7,53168.7,64.81666666666666,4311991
NO,Norway,1994,447092.1,55856.5,65.70833333333333,4336613
NO,Norway,1995,465671.5,58177.7,67.325,4359184
NO,Norway,1996,489085.1,61102.8,68.175,4381336
NO,Norway,1997,514931.3,64331.9,69.925,4405157
NO,Norway,1998,528673.3,66048.7,71.5,4431464
NO,Norway,1999,539627.6,67417.2,73.19166666666666,4461913
NO,Norway,2000,557537.6,69654.8,75.45,4490967
NO,Norway,2001,569062.5,71094.6,77.71666666666667,4513751
NO,Norway,2002,576901.7,72074,78.71666666666667,4538159
NO,Norway,2003,582353,72755,80.675,4564855
NO,Norway,2004,605732.1,75675.8,81.04166666666667,4591910
NO,Norway,2005,621996.6,77707.8,82.28333333333333,4623291
NO,Norway,2006,637307.1,79620.6,84.2,4660677
NO,Norway,2007,655878.2,81940.8,84.8,4709153
NO,Norway,2008,659039,82335.7,87.98333333333333,4768212
NO,Norway,2009,646251.3,80738,89.91666666666667,4828726
NO,Norway,2010,651337.8,81373.5,92.09166666666667,4889252
NO,Norway,2011,658539.2,82273.2,93.275,4953088
NO,Norway,2012,676438.1,84509.4,93.925,5018573
NO,Norway,2013,683311.9,85368.1,95.91666666666667,5079623
NO,Norway,2014,697307.1,87116.6,97.875,5137232
NO,Norway,2015,710258.3,88734.6,100,5188607
NO,Norway,2016,715121.4,89342.2,103.55,5234519
NO,Norway,2017,736025.4,91953.7,105.49166666666666,5276968
NO,Norway,2018,744823.7,93052.9,108.40833333333333,5311916
NO,Norway,2019,753096.8,94086.5,110.75833333333334,5347896
NO,Norway,2020,739282.9,92360.7,112.18333333333334,5379475
NO,Norway,2021,769153.8,96092.6,116.09166666666667,5408320
NO,Norway,2022,794148.1,99215.2,122.78333333333333,5457127
NO,Norway,2023,795563.6,99392.1,129.55833333333334,5519594
NO,Norway,2024,812336.2,101487.5,133.63333333333333,5572272
NO,Norway,2025,NA,NA,NA,NA
PL,Poland,1995,191870.2,48031.2,38.87596416666666,38594998
PL,Poland,1996,203687.8,50989.5,46.5714475,38624370
PL,Poland,1997,216396.2,54170.8,53.516725,38649660
PL,Poland,1998,225920.6,56555.1,59.723515,38663481
PL,Poland,1999,236296.6,59152.5,63.99617833333333,38660271
PL,Poland,2000,247892,62055.2,70.3319125,38258629
PL,Poland,2001,251459.4,62948.3,74.13569666666666,38248076
PL,Poland,2002,256145.7,64121.4,75.54819583333334,38230364
PL,Poland,2003,265327.2,66419.8,76.0639625,38204570
PL,Poland,2004,278393.7,69690.8,78.63694,38182222
PL,Poland,2005,287328.3,71927.4,80.35420916666666,38165445
PL,Poland,2006,305330.5,76433.9,81.38651583333333,38141267
PL,Poland,2007,326050.6,81620.8,83.38760083333334,38120560
PL,Poland,2008,340073.5,85131.2,86.86066916666667,38125759
PL,Poland,2009,348359.1,87205.3,90.1573725,38151603
PL,Poland,2010,359874.9,90088.1,92.48405833333334,38042794
PL,Poland,2011,378737.5,94810,96.40482916666667,38063255
PL,Poland,2012,384939.9,96362.7,99.8372,38063164
PL,Poland,2013,387595.8,97027.5,100.82756666666667,38040196
PL,Poland,2014,402464.9,100749.7,100.88183333333333,38011735
PL,Poland,2015,419927.9,105121.3,100,37986412
PL,Poland,2016,433294.9,108467.5,99.33523333333333,37970087
PL,Poland,2017,455920.4,114131.3,101.39736666666667,37974826
PL,Poland,2018,483961,121150.8,103.23565,37974750
PL,Poland,2019,505825.4,126624.2,105.5352,37965475
PL,Poland,2020,495593,124062.6,109.09645,37515748
PL,Poland,2021,529488.7,132547.8,114.6113,36981559
PL,Poland,2022,558734,139868.8,131.14906666666667,36821749
PL,Poland,2023,559514.1,140064.1,146.26914166666666,36687353
PL,Poland,2024,575583.7,144086.9,151.804375,36554707
PL,Poland,2025,NA,NA,NA,NA
PT,Portugal,1995,34225.6,34225.6,64.42240583333333,10026176
PT,Portugal,1996,35424.9,35424.9,66.39951416666666,10063945
PT,Portugal,1997,36983.9,36983.9,67.95117833333333,10108977
PT,Portugal,1998,38762.1,38762.1,69.69939416666666,10160196
PT,Portugal,1999,40276.4,40276.4,71.33042666666667,10217828
PT,Portugal,2000,41813.4,41813.4,73.36550583333333,10289898
PT,Portugal,2001,42626,42626,76.57150666666666,10362722
PT,Portugal,2002,42954.7,42954.7,79.32834666666666,10419631
PT,Portugal,2003,42555,42555,81.88191833333333,10458821
PT,Portugal,2004,43316.2,43316.2,83.8187225,10483861
PT,Portugal,2005,43654.8,43654.8,85.72741166666667,10503330
PT,Portugal,2006,44364.3,44364.3,88.391535,10522288
PT,Portugal,2007,45476.3,45476.3,90.56063083333333,10542964
PT,Portugal,2008,45621.5,45621.5,92.9048,10558177
PT,Portugal,2009,44197.1,44197.1,92.1285525,10568247
PT,Portugal,2010,44965.1,44965.1,93.4207225,10573100
PT,Portugal,2011,44194.6,44194.6,96.83339083333334,10557560
PT,Portugal,2012,42404.3,42404.3,99.51891083333334,10514844
PT,Portugal,2013,41987,41987,99.79200916666667,10457295
PT,Portugal,2014,42298.3,42298.3,99.51443416666666,10401062
PT,Portugal,2015,42970.8,42970.8,99.99999583333333,10358076
PT,Portugal,2016,43832,43832,100.60739916666667,10325452
PT,Portugal,2017,45284.9,45284.9,101.98435,10300300
PT,Portugal,2018,46619.1,46619.1,102.99775,10283822
PT,Portugal,2019,47899.1,47899.1,103.34608333333334,10286263
PT,Portugal,2020,43969.2,43969.2,103.33323333333334,10297081
PT,Portugal,2021,46413.3,46413.3,104.641075,10361831
PT,Portugal,2022,49655.7,49655.7,112.837275,10434332
PT,Portugal,2023,50953.2,50953.2,117.702,10578174
PT,Portugal,2024,51934.2,51934.2,120.54585,10701636
PT,Portugal,2025,NA,NA,NA,NA
RO,Romania,1995,90348.8,21449.3,NA,22684270
RO,Romania,1996,93879.4,22287.5,NA,22619004
RO,Romania,1997,89327.1,21206.8,NA,22553978
RO,Romania,1998,87513.9,20776.3,NA,22507344
RO,Romania,1999,87184.3,20698.1,NA,22472040
RO,Romania,2000,89330.1,21207.5,NA,22442971
RO,Romania,2001,93991.5,22314.1,NA,22131970
RO,Romania,2002,99351.8,23586.7,NA,21730496
RO,Romania,2003,101677.7,24138.9,NA,21574326
RO,Romania,2004,112280.8,26656.1,NA,21451748
RO,Romania,2005,117522.3,27900.5,NA,21319685
RO,Romania,2006,126957.9,30140.5,NA,21193760
RO,Romania,2007,136141.8,32320.8,NA,20882982
RO,Romania,2008,148813.2,35329.1,NA,20537875
RO,Romania,2009,140603.6,33380.1,NA,20367487
RO,Romania,2010,135111.9,32076.3,NA,20246871
RO,Romania,2011,141186,33518.4,NA,20147528
RO,Romania,2012,143873.6,34156.4,NA,20058035
RO,Romania,2013,144274.7,34251.6,NA,19983693
RO,Romania,2014,150213,35661.4,NA,19908979
RO,Romania,2015,154955.3,36787.3,NA,19815616
RO,Romania,2016,159386.9,37839.4,NA,19702267
RO,Romania,2017,172449.4,40940.5,NA,19588715
RO,Romania,2018,183005,43446.4,NA,19473970
RO,Romania,2019,190184.7,45150.9,NA,19371648
RO,Romania,2020,183196.6,43491.9,NA,19265250
RO,Romania,2021,193356.1,45903.8,NA,19122059
RO,Romania,2022,201023.3,47724.1,NA,19048502
RO,Romania,2023,205856.4,48871.5,NA,19059479
RO,Romania,2024,207531.5,49269.1,NA,19069340
RO,Romania,2025,NA,NA,NA,NA
SE,Sweden,1993,560636.3,58783.6,77.73333416666667,8718561
SE,Sweden,1994,582101.9,61034.2,79.4109275,8780745
SE,Sweden,1995,607425.7,63689.5,81.360585,8826939
SE,Sweden,1996,617883.1,64786,81.7943425,8840998
SE,Sweden,1997,638194.4,66915.7,82.332885,8846062
SE,Sweden,1998,664693.3,69694.1,82.11294916666667,8850974
SE,Sweden,1999,690965.2,72448.7,82.49245166666667,8857874
SE,Sweden,2000,724193.8,75932.8,83.23417916666666,8872109
SE,Sweden,2001,735295,77096.8,85.2367575,8895960
SE,Sweden,2002,751922.9,78840.2,87.07657916666666,8924958
SE,Sweden,2003,766981.7,80419.2,88.75337416666666,8958229
SE,Sweden,2004,794733.9,83329,89.08501,8993531
SE,Sweden,2005,816872,85650.2,89.4887175,9029572
SE,Sweden,2006,857141.4,89872.5,90.7059575,9080505
SE,Sweden,2007,886019,92900.4,92.71252416666667,9148092
SE,Sweden,2008,876343.6,91885.9,95.89909833333333,9219637
SE,Sweden,2009,839702.9,88044.1,95.424915,9298515
SE,Sweden,2010,885390.3,92834.5,96.52992583333334,9378126
SE,Sweden,2011,914211.3,95856.4,99.388325,9449213
SE,Sweden,2012,913556.2,95787.7,100.2712725,9519374
SE,Sweden,2013,923630.3,96844,100.22685833333334,9600379
SE,Sweden,2014,946125.9,99202.7,100.04681,9696110
SE,Sweden,2015,984603.7,103237.2,100.00000666666666,9799186
SE,Sweden,2016,1003223.9,105189.5,100.98427666666666,9923085
SE,Sweden,2017,1024915.6,107463.9,102.79644166666667,10057698
SE,Sweden,2018,1044079.8,109473.3,104.8046,10175214
SE,Sweden,2019,1071487.2,112347,106.674475,10278887
SE,Sweden,2020,1048905.3,109979.3,107.205025,10353442
SE,Sweden,2021,1101444.3,115488.1,109.5241,10415811
SE,Sweden,2022,1115889,117002.6,118.69049166666667,10486941
SE,Sweden,2023,1116176.5,117032.8,128.83686666666668,10536632
SE,Sweden,2024,1127135.2,118181.8,132.49046666666666,10569709
SE,Sweden,2025,NA,NA,NA,NA
SI,Slovenia,1995,5695.6,5695.6,42.2899375,1989872
SI,Slovenia,1996,5861.4,5861.4,46.4616075,1988628
SI,Slovenia,1997,6150.1,6150.1,50.34564916666667,1985956
SI,Slovenia,1998,6331.9,6331.9,54.318508333333334,1981629
SI,Slovenia,1999,6653.7,6653.7,57.66213166666667,1983045
SI,Slovenia,2000,6917.9,6917.9,62.80083333333334,1988925
SI,Slovenia,2001,7121.4,7121.4,68.06333333333333,1992060
SI,Slovenia,2002,7347.7,7347.7,73.155,1994530
SI,Slovenia,2003,7577.1,7577.1,77.21083333333333,1995733
SI,Slovenia,2004,7883.1,7883.1,79.985,1997012
SI,Slovenia,2005,8211.8,8211.8,81.94583333333334,2000474
SI,Slovenia,2006,8733.1,8733.1,83.96,2006868
SI,Slovenia,2007,9367.7,9367.7,87.03083333333333,2018122
SI,Slovenia,2008,9652.4,9652.4,91.94583333333334,2021316
SI,Slovenia,2009,8885.7,8885.7,92.7175,2039669
SI,Slovenia,2010,8980.3,8980.3,94.3875,2048583
SI,Slovenia,2011,9070.1,9070.1,96.08916666666667,2052843
SI,Slovenia,2012,8829.2,8829.2,98.585,2057159
SI,Slovenia,2013,8747.2,8747.2,100.32916666666667,2059953
SI,Slovenia,2014,8976.9,8976.9,100.52916666666667,2061980
SI,Slovenia,2015,9172.6,9172.6,100.00083333333333,2063531
SI,Slovenia,2016,9472.2,9472.2,99.94583333333334,2065042
SI,Slovenia,2017,9969.8,9969.8,101.37416666666667,2066388
SI,Slovenia,2018,10414.6,10414.6,103.13666666666667,2073894
SI,Slovenia,2019,10772.7,10772.7,104.81833333333333,2088385
SI,Slovenia,2020,10294.1,10294.1,104.76083333333334,2102419
SI,Slovenia,2021,11144.8,11144.8,106.76916666666666,2108079
SI,Slovenia,2022,11483.9,11483.9,116.20083333333334,2112076
SI,Slovenia,2023,11748.6,11748.6,124.85416666666667,2120461
SI,Slovenia,2024,11930.4,11930.4,127.30833333333334,2126324
SI,Slovenia,2025,NA,NA,NA,NA
US,United States,1970,1073.311,5316.391,38.842,205089
US,United States,1971,1164.85,5491.446,40.483,207692
US,United States,1972,1279.112,5780.048,41.808,209924
US,United States,1973,1425.376,6106.371,44.425,211939
US,United States,1974,1545.243,6073.363,49.317,213898
US,United States,1975,1684.905,6060.875,53.825,215981
US,United States,1976,1873.413,6387.437,56.933,218086
US,United States,1977,2081.825,6682.805,60.617,220289
US,United States,1978,2351.599,7052.711,65.242,222629
US,United States,1979,2627.326,7275.999,72.583,225106
US,United States,1980,2857.309,7257.317,82.383,227726
US,United States,1981,3207.041,7441.485,90.933,230009
US,United States,1982,3343.789,7307.314,96.533,232218
US,United States,1983,3634.037,7642.266,99.583,234333
US,United States,1984,4037.614,8195.295,103.933,236394
US,United States,1985,4338.981,8537.004,107.6,238506
US,United States,1986,4579.633,8832.611,109.692,240682
US,United States,1987,4855.216,9137.745,113.617,242843
US,United States,1988,5236.438,9519.427,118.275,245061
US,United States,1989,5641.58,9869.003,123.942,247388
US,United States,1990,5963.145,10055.129,130.658,250181
US,United States,1991,6158.129,10044.238,136.167,253530
US,United States,1992,6520.327,10398.046,140.308,256922
US,United States,1993,6858.559,10684.179,144.475,260282
US,United States,1994,7287.237,11114.646,148.225,263455
US,United States,1995,7639.749,11413.012,152.383,266588
US,United States,1996,8073.122,11843.599,156.858,269715
US,United States,1997,8577.553,12370.3,160.525,272958
US,United States,1998,9062.817,12924.876,163.008,276154
US,United States,1999,9631.172,13543.774,166.583,279328
US,United States,2000,10250.952,14096.033,172.192,282398
US,United States,2001,10581.929,14230.726,177.042,285225
US,United States,2002,10929.108,14472.712,179.867,287955
US,United States,2003,11456.45,14877.313,184,290626
US,United States,2004,12217.196,15449.757,188.908,293262
US,United States,2005,13039.197,15987.958,195.267,295993
US,United States,2006,13815.583,16433.148,201.558,298818
US,United States,2007,14474.227,16762.446,207.344,301696
US,United States,2008,14769.862,16781.485,215.254,304543
US,United States,2009,14478.067,16349.111,214.565,307240
US,United States,2010,15048.971,16789.751,218.076,309839
US,United States,2011,15599.732,17052.411,224.923,312295
US,United States,2012,16253.97,17442.759,229.586,314725
US,United States,2013,16880.683,17812.167,232.952,317099
US,United States,2014,17608.138,18261.714,236.715,319600
US,United States,2015,18295.019,18799.622,237.002,322113
US,United States,2016,18804.913,19141.672,240.005,324609
US,United States,2017,19612.103,19612.103,245.121,326860
US,United States,2018,20656.516,20193.895,251.1,328795
US,United States,2019,21539.982,20715.672,255.653,330513
US,United States,2020,21354.105,20267.585,258.856,331840
US,United States,2021,23681.171,21494.798,270.968,332505
US,United States,2022,26006.893,22034.829,292.625,334372
US,United States,2023,27720.71,22671.097,304.704,337141
US,United States,2024,29184.89,23305.024,313.698,340212
US,United States,2025,NA,NA,NA,NA
NA,NA,1970,NA,NA,NA,78169289
NA,NA,1970,NA,NA,31.534741666666665,103403000
NA,NA,1970,NA,NA,14.606264166666667,52007169
NA,NA,1970,NA,NA,5.67975575,53821850
NA,NA,1970,NA,NA,4.826999833333334,33814531
NA,NA,1970,NA,NA,22.968135,13038526
NA,NA,1970,NA,NA,19.292083333333334,9655549
NA,NA,1970,NA,NA,22.856680833333336,7467086
NA,NA,1970,NA,NA,13.2132875,8042801
NA,NA,1970,NA,NA,12.859041666666666,3875763
NA,NA,1970,NA,NA,13.602431666666668,4928757
NA,NA,1970,NA,NA,12.106638333333333,4606307
NA,NA,1970,NA,NA,1.710973,8680431
NA,NA,1970,NA,NA,33.99478916666666,6180877
NA,NA,1970,NA,NA,20.165185833333332,339171
NA,NA,1970,NA,NA,NA,302650
NA,NA,1970,NA,NA,NA,647446
NA,NA,1970,NA,NA,NA,1724891
NA,NA,1970,NA,NA,NA,2359164
NA,NA,1970,NA,NA,NA,3139689
NA,NA,1970,NA,NA,NA,9858071
NA,NA,1970,NA,NA,NA,32664300
NA,NA,1970,NA,NA,NA,4412252
NA,NA,1970,NA,NA,NA,8489574
NA,NA,1970,NA,NA,NA,20250398
NA,NA,1971,NA,NA,NA,78312842
NA,NA,1971,NA,NA,33.545431666666666,105697000
NA,NA,1971,NA,NA,15.39464,52499553
NA,NA,1971,NA,NA,5.9519105833333334,54073490
NA,NA,1971,NA,NA,5.224594,34224490
NA,NA,1971,NA,NA,24.685618333333334,13194497
NA,NA,1971,NA,NA,20.13006083333333,9673162
NA,NA,1971,NA,NA,23.931916666666666,7500482
NA,NA,1971,NA,NA,14.190479166666666,8098334
NA,NA,1971,NA,NA,13.659370833333334,3903039
NA,NA,1971,NA,NA,14.400876666666667,4963126
NA,NA,1971,NA,NA,12.890635833333333,4612124
NA,NA,1971,NA,NA,1.9153811666666667,8643756
NA,NA,1971,NA,NA,36.22934083333333,6213399
NA,NA,1971,NA,NA,21.10734666666667,342421
NA,NA,1971,NA,NA,NA,302700
NA,NA,1971,NA,NA,NA,654050
NA,NA,1971,NA,NA,NA,1738335
NA,NA,1971,NA,NA,NA,2376389
NA,NA,1971,NA,NA,NA,3179041
NA,NA,1971,NA,NA,NA,9826815
NA,NA,1971,NA,NA,NA,32783500
NA,NA,1971,NA,NA,NA,4431275
NA,NA,1971,NA,NA,NA,8536395
NA,NA,1971,NA,NA,NA,20461567
NA,NA,1972,NA,NA,NA,78688452
NA,NA,1972,NA,NA,35.17434333333333,107188000
NA,NA,1972,NA,NA,16.3280175,52962356
NA,NA,1972,NA,NA,6.294115916666667,54381345
NA,NA,1972,NA,NA,5.6567875,34604469
NA,NA,1972,NA,NA,26.611785833333332,13328593
NA,NA,1972,NA,NA,21.2268325,9711115
NA,NA,1972,NA,NA,25.452825833333332,7544201
NA,NA,1972,NA,NA,15.042958333333333,8122300
NA,NA,1972,NA,NA,14.6508275,3933004
NA,NA,1972,NA,NA,15.345914166666667,4991596
NA,NA,1972,NA,NA,13.749474166666667,4639657
NA,NA,1972,NA,NA,2.1196248333333334,8630430
NA,NA,1972,NA,NA,38.64221583333333,6260956
NA,NA,1972,NA,NA,22.210349166666667,346600
NA,NA,1972,NA,NA,NA,302450
NA,NA,1972,NA,NA,NA,661063
NA,NA,1972,NA,NA,NA,1752233
NA,NA,1972,NA,NA,NA,2395674
NA,NA,1972,NA,NA,NA,3213622
NA,NA,1972,NA,NA,NA,9867632
NA,NA,1972,NA,NA,NA,33055650
NA,NA,1972,NA,NA,NA,4450564
NA,NA,1972,NA,NA,NA,8576200
NA,NA,1972,NA,NA,NA,20657957
NA,NA,1973,NA,NA,NA,78936666
NA,NA,1973,NA,NA,39.255111666666664,108707000
NA,NA,1973,NA,NA,17.533123333333332,53392161
NA,NA,1973,NA,NA,6.973793416666666,54751406
NA,NA,1973,NA,NA,6.302606583333334,34988947
NA,NA,1973,NA,NA,28.746639166666668,13439322
NA,NA,1973,NA,NA,22.703216666666666,9741720
NA,NA,1973,NA,NA,27.369696666666666,7586115
NA,NA,1973,NA,NA,16.0535425,8136312
NA,NA,1973,NA,NA,15.737841666666666,3960612
NA,NA,1973,NA,NA,16.773603333333334,5021861
NA,NA,1973,NA,NA,15.2281575,4666081
NA,NA,1973,NA,NA,2.394637916666667,8633100
NA,NA,1973,NA,NA,42.025216666666665,6307347
NA,NA,1973,NA,NA,23.558095,350450
NA,NA,1973,NA,NA,NA,302200
NA,NA,1973,NA,NA,NA,665937
NA,NA,1973,NA,NA,NA,1766697
NA,NA,1973,NA,NA,NA,2415819
NA,NA,1973,NA,NA,NA,3244438
NA,NA,1973,NA,NA,NA,9922266
NA,NA,1973,NA,NA,NA,33357200
NA,NA,1973,NA,NA,NA,4470161
NA,NA,1973,NA,NA,NA,8620967
NA,NA,1973,NA,NA,NA,20835681
NA,NA,1974,NA,NA,NA,78967433
NA,NA,1974,NA,NA,48.366845,110162000
NA,NA,1974,NA,NA,19.926275,53746571
NA,NA,1974,NA,NA,8.309956166666666,55110868
NA,NA,1974,NA,NA,7.2908790833333335,35373335
NA,NA,1974,NA,NA,31.503850833333335,13545056
NA,NA,1974,NA,NA,25.581505833333335,9772419
NA,NA,1974,NA,NA,29.975783333333332,7599038
NA,NA,1974,NA,NA,17.6447275,8159955
NA,NA,1974,NA,NA,17.219050833333334,3985258
NA,NA,1974,NA,NA,19.335805833333332,5045297
NA,NA,1974,NA,NA,17.807259166666668,4690574
NA,NA,1974,NA,NA,2.995279583333333,8754365
NA,NA,1974,NA,NA,46.12999333333333,6341405
NA,NA,1974,NA,NA,25.805691666666668,355050
NA,NA,1974,NA,NA,NA,301996
NA,NA,1974,NA,NA,NA,663254
NA,NA,1974,NA,NA,NA,1776132
NA,NA,1974,NA,NA,NA,2437186
NA,NA,1974,NA,NA,NA,3273894
NA,NA,1974,NA,NA,NA,9988459
NA,NA,1974,NA,NA,NA,33678899
NA,NA,1974,NA,NA,NA,4490660
NA,NA,1974,NA,NA,NA,8678745
NA,NA,1974,NA,NA,NA,21029429
NA,NA,1975,NA,NA,NA,78673554
NA,NA,1975,NA,NA,54.042589166666666,111573000
NA,NA,1975,NA,NA,9.7185355,55441001
NA,NA,1975,NA,NA,8.526922333333333,35757900
NA,NA,1975,NA,NA,34.72274916666667,13666335
NA,NA,1975,NA,NA,28.847805,9800700
NA,NA,1975,NA,NA,32.507315,7578903
NA,NA,1975,NA,NA,19.370356666666666,8192437
NA,NA,1975,NA,NA,19.231824166666666,4007313
NA,NA,1975,NA,NA,21.193128333333334,5059862
NA,NA,1975,NA,NA,20.978980833333335,4711440
NA,NA,1975,NA,NA,3.452709583333333,9093470
NA,NA,1975,NA,NA,49.21913166666667,6338632
NA,NA,1975,NA,NA,28.571460833333333,358950
NA,NA,1975,NA,NA,NA,304222
NA,NA,1975,NA,NA,NA,659405
NA,NA,1975,NA,NA,NA,1793581
NA,NA,1975,NA,NA,NA,2456130
NA,NA,1975,NA,NA,NA,3301652
NA,NA,1975,NA,NA,NA,10058620
NA,NA,1975,NA,NA,NA,34015199
NA,NA,1975,NA,NA,NA,4512082
NA,NA,1975,NA,NA,NA,8720742
NA,NA,1975,NA,NA,NA,21293583
NA,NA,1976,NA,NA,NA,78336950
NA,NA,1976,NA,NA,59.11597416666667,112775000
NA,NA,1976,NA,NA,11.333189166666667,55718260
NA,NA,1976,NA,NA,10.02978225,36137812
NA,NA,1976,NA,NA,37.78899416666667,13774037
NA,NA,1976,NA,NA,31.4638975,9818227
NA,NA,1976,NA,NA,34.886424999999996,7565525
NA,NA,1976,NA,NA,21.355669166666665,8222286
NA,NA,1976,NA,NA,20.9937425,4026152
NA,NA,1976,NA,NA,23.102690833333334,5072596
NA,NA,1976,NA,NA,23.987931666666665,4725664
NA,NA,1976,NA,NA,4.182678083333333,9355810
NA,NA,1976,NA,NA,50.0634725,6302504
NA,NA,1976,NA,NA,31.370705833333332,360731
NA,NA,1976,NA,NA,NA,305774
NA,NA,1976,NA,NA,NA,662032
NA,NA,1976,NA,NA,NA,1820249
NA,NA,1976,NA,NA,NA,2470989
NA,NA,1976,NA,NA,NA,3328664
NA,NA,1976,NA,NA,NA,10125939
NA,NA,1976,NA,NA,NA,34356300
NA,NA,1976,NA,NA,NA,4535934
NA,NA,1976,NA,NA,NA,8758599
NA,NA,1976,NA,NA,NA,21551634
NA,NA,1977,NA,NA,NA,78159814
NA,NA,1977,NA,NA,63.93484333333333,113872000
NA,NA,1977,NA,NA,13.27457,55955411
NA,NA,1977,NA,NA,12.490895,36511638
NA,NA,1977,NA,NA,40.20722333333333,13856185
NA,NA,1977,NA,NA,33.696575833333334,9830358
NA,NA,1977,NA,NA,36.8032975,7568430
NA,NA,1977,NA,NA,23.7991425,8251540
NA,NA,1977,NA,NA,22.904979166666667,4043205
NA,NA,1977,NA,NA,25.626021666666666,5088419
NA,NA,1977,NA,NA,26.816911666666666,4738902
NA,NA,1977,NA,NA,5.4800086666666665,9455675
NA,NA,1977,NA,NA,50.71229666666667,6281174
NA,NA,1977,NA,NA,33.474266666666665,361358
NA,NA,1977,NA,NA,NA,306970
NA,NA,1977,NA,NA,NA,667101
NA,NA,1977,NA,NA,NA,1842377
NA,NA,1977,NA,NA,NA,2485073
NA,NA,1977,NA,NA,NA,3355036
NA,NA,1977,NA,NA,NA,10186755
NA,NA,1977,NA,NA,NA,34689050
NA,NA,1977,NA,NA,NA,4559571
NA,NA,1977,NA,NA,NA,8804183
NA,NA,1977,NA,NA,NA,21756096
NA,NA,1978,NA,NA,NA,78091820
NA,NA,1978,NA,NA,66.61576416666666,114913000
NA,NA,1978,NA,NA,14.879998333333333,56155143
NA,NA,1978,NA,NA,14.960805833333334,36864898
NA,NA,1978,NA,NA,41.860549166666665,13941700
NA,NA,1978,NA,NA,35.2030125,9839534
NA,NA,1978,NA,NA,38.118765833333335,7562305
NA,NA,1978,NA,NA,26.177930833333335,8275599
NA,NA,1978,NA,NA,28.243375,5104248
NA,NA,1978,NA,NA,28.908456666666666,4752528
NA,NA,1978,NA,NA,6.632935416666667,9558250
NA,NA,1978,NA,NA,51.23401833333333,6281738
NA,NA,1978,NA,NA,34.51018166666667,362007
NA,NA,1978,NA,NA,NA,310182
NA,NA,1978,NA,NA,NA,672249
NA,NA,1978,NA,NA,NA,1862548
NA,NA,1978,NA,NA,NA,2497921
NA,NA,1978,NA,NA,NA,3379514
NA,NA,1978,NA,NA,NA,10242098
NA,NA,1978,NA,NA,NA,34965600
NA,NA,1978,NA,NA,NA,4581085
NA,NA,1978,NA,NA,NA,8814032
NA,NA,1978,NA,NA,NA,21951464
NA,NA,1979,NA,NA,NA,78126350
NA,NA,1979,NA,NA,69.10155333333333,115890000
NA,NA,1979,NA,NA,17.082025833333333,56317749
NA,NA,1979,NA,NA,17.30370166666667,37191330
NA,NA,1979,NA,NA,43.61839916666667,14038270
NA,NA,1979,NA,NA,36.77626583333333,9848382
NA,NA,1979,NA,NA,39.531983333333336,7549425
NA,NA,1979,NA,NA,28.065303333333333,8293678
NA,NA,1979,NA,NA,30.95786,5116801
NA,NA,1979,NA,NA,31.06704,4764690
NA,NA,1979,NA,NA,8.085496583333333,9661265
NA,NA,1979,NA,NA,53.1028525,6294365
NA,NA,1979,NA,NA,36.07919666666667,362856
NA,NA,1979,NA,NA,NA,313342
NA,NA,1979,NA,NA,NA,677549
NA,NA,1979,NA,NA,NA,1882599
NA,NA,1979,NA,NA,NA,2505953
NA,NA,1979,NA,NA,NA,3397842
NA,NA,1979,NA,NA,NA,10292341
NA,NA,1979,NA,NA,NA,35247217
NA,NA,1979,NA,NA,NA,4594778
NA,NA,1979,NA,NA,NA,8825940
NA,NA,1979,NA,NA,NA,22090488
NA,NA,1980,NA,NA,NA,78288576
NA,NA,1980,NA,NA,74.47187583333333,116807000
NA,NA,1980,NA,NA,20.6802125,56433883
NA,NA,1980,NA,NA,19.996488333333332,37491165
NA,NA,1980,NA,NA,46.45946416666666,14149800
NA,NA,1980,NA,NA,39.221404166666666,9859242
NA,NA,1980,NA,NA,42.03369166666667,7549433
NA,NA,1980,NA,NA,31.91202416666667,8310531
NA,NA,1980,NA,NA,34.767325,5123027
NA,NA,1980,NA,NA,34.669145,4779535
NA,NA,1980,NA,NA,9.368461416666667,9766312
NA,NA,1980,NA,NA,38.35215,364150
NA,NA,1980,NA,NA,NA,316645
NA,NA,1980,NA,NA,NA,683076
NA,NA,1980,NA,NA,4.0008701666666667e-4,1901315
NA,NA,1980,NA,NA,NA,2511701
NA,NA,1980,NA,NA,NA,3413202
NA,NA,1980,NA,NA,NA,10304193
NA,NA,1980,NA,NA,2.9904246666666667,NA
NA,NA,1980,NA,NA,NA,35574150
NA,NA,1980,NA,NA,NA,4599782
NA,NA,1980,NA,NA,NA,8861535
NA,NA,1980,NA,NA,NA,22207282
NA,NA,1981,NA,NA,NA,78407907
NA,NA,1981,NA,NA,78.145415,117661000
NA,NA,1981,NA,NA,24.396301666666666,56501675
NA,NA,1981,NA,NA,22.9058475,37758631
NA,NA,1981,NA,NA,49.590333333333334,14247208
NA,NA,1981,NA,NA,42.213013333333336,9858982
NA,NA,1981,NA,NA,44.89326333333334,7568710
NA,NA,1981,NA,NA,35.774635,8320503
NA,NA,1981,NA,NA,38.85853083333333,5121572
NA,NA,1981,NA,NA,38.58875416666667,4799964
NA,NA,1981,NA,NA,11.152254166666667,9851362
NA,NA,1981,NA,NA,41.4482975,365225
NA,NA,1981,NA,NA,NA,318982
NA,NA,1981,NA,NA,NA,688893
NA,NA,1981,NA,NA,5.706159166666666e-4,1906531
NA,NA,1981,NA,NA,NA,2519421
NA,NA,1981,NA,NA,NA,3432947
NA,NA,1981,NA,NA,NA,10300591
NA,NA,1981,NA,NA,3.1298205833333332,NA
NA,NA,1981,NA,NA,NA,35898587
NA,NA,1981,NA,NA,NA,4611509
NA,NA,1981,NA,NA,NA,8891117
NA,NA,1981,NA,NA,NA,22353070
NA,NA,1982,NA,NA,NA,78333366
NA,NA,1982,NA,NA,80.29184666666667,118480000
NA,NA,1982,NA,NA,28.416913333333333,56543548
NA,NA,1982,NA,NA,26.2077225,37986012
NA,NA,1982,NA,NA,52.52166583333333,14312690
NA,NA,1982,NA,NA,45.89675166666667,9856303
NA,NA,1982,NA,NA,47.33367166666667,7574140
NA,NA,1982,NA,NA,38.847386666666665,8325263
NA,NA,1982,NA,NA,42.791335,5117810
NA,NA,1982,NA,NA,42.28745833333333,4826933
NA,NA,1982,NA,NA,13.569984999999999,9911771
NA,NA,1982,NA,NA,45.326635833333334,365525
NA,NA,1982,NA,NA,NA,325898
NA,NA,1982,NA,NA,NA,696497
NA,NA,1982,NA,NA,7.424428833333333e-4,1910334
NA,NA,1982,NA,NA,NA,2531080
NA,NA,1982,NA,NA,NA,3457179
NA,NA,1982,NA,NA,NA,10314826
NA,NA,1982,NA,NA,3.343769083333333,NA
NA,NA,1982,NA,NA,NA,36230481
NA,NA,1982,NA,NA,NA,4634234
NA,NA,1982,NA,NA,NA,8917457
NA,NA,1982,NA,NA,NA,22475741
NA,NA,1983,NA,NA,NA,78128282
NA,NA,1983,NA,NA,81.80198583333333,119307000
NA,NA,1983,NA,NA,32.57901833333334,56564074
NA,NA,1983,NA,NA,29.398271666666666,38171525
NA,NA,1983,NA,NA,53.961200833333336,14367070
NA,NA,1983,NA,NA,49.4131825,9855520
NA,NA,1983,NA,NA,48.91422166666666,7561910
NA,NA,1983,NA,NA,42.2943225,8329033
NA,NA,1983,NA,NA,45.747458333333334,5114297
NA,NA,1983,NA,NA,45.82535083333333,4855787
NA,NA,1983,NA,NA,16.827155,9957865
NA,NA,1983,NA,NA,49.256125,365622
NA,NA,1983,NA,NA,NA,330524
NA,NA,1983,NA,NA,NA,707225
NA,NA,1983,NA,NA,0.0010410050916666667,1922321
NA,NA,1983,NA,NA,NA,2546011
NA,NA,1983,NA,NA,NA,3485192
NA,NA,1983,NA,NA,NA,10323856
NA,NA,1983,NA,NA,3.587191916666667,NA
NA,NA,1983,NA,NA,NA,36571808
NA,NA,1983,NA,NA,NA,4658254
NA,NA,1983,NA,NA,NA,8939738
NA,NA,1983,NA,NA,NA,22560478
NA,NA,1984,NA,NA,NA,77858685
NA,NA,1984,NA,NA,83.6429975,120083000
NA,NA,1984,NA,NA,36.09575916666667,56576718
NA,NA,1984,NA,NA,32.71447666666666,38330364
NA,NA,1984,NA,NA,55.742805833333335,14424211
NA,NA,1984,NA,NA,52.54685583333333,9855372
NA,NA,1984,NA,NA,51.68432833333333,7561434
NA,NA,1984,NA,NA,45.69658166666667,8336605
NA,NA,1984,NA,NA,48.62533,5111619
NA,NA,1984,NA,NA,49.06412916666667,4881803
NA,NA,1984,NA,NA,21.6034825,9996232
NA,NA,1984,NA,NA,52.426179166666664,365998
NA,NA,1984,NA,NA,NA,330593
NA,NA,1984,NA,NA,NA,719334
NA,NA,1984,NA,NA,0.001599733,1932154
NA,NA,1984,NA,NA,NA,2562047
NA,NA,1984,NA,NA,NA,3514205
NA,NA,1984,NA,NA,NA,10330213
NA,NA,1984,NA,NA,3.890950166666667,NA
NA,NA,1984,NA,NA,NA,36904134
NA,NA,1984,NA,NA,NA,4680285
NA,NA,1984,NA,NA,NA,8960679
NA,NA,1984,NA,NA,NA,22640547
NA,NA,1985,NA,NA,NA,77684873
NA,NA,1985,NA,NA,85.34826416666667,120837000
NA,NA,1985,NA,NA,39.418731666666666,56593071
NA,NA,1985,NA,NA,35.598080833333334,38469512
NA,NA,1985,NA,NA,57.001804166666666,14491632
NA,NA,1985,NA,NA,55.105220833333334,9858308
NA,NA,1985,NA,NA,53.332805,7564985
NA,NA,1985,NA,NA,49.065596666666664,8350386
NA,NA,1985,NA,NA,50.90038833333333,5113691
NA,NA,1985,NA,NA,51.61331583333333,4902206
NA,NA,1985,NA,NA,25.80782333333333,10023613
NA,NA,1985,NA,NA,54.572290833333334,366706
NA,NA,1985,NA,NA,NA,336452
NA,NA,1985,NA,NA,NA,731277
NA,NA,1985,NA,NA,0.0028700230833333335,1941641
NA,NA,1985,NA,NA,NA,2578873
NA,NA,1985,NA,NA,NA,3544543
NA,NA,1985,NA,NA,NA,10337118
NA,NA,1985,NA,NA,4.161073166666666,NA
NA,NA,1985,NA,NA,NA,37201885
NA,NA,1985,NA,NA,NA,4701417
NA,NA,1985,NA,NA,NA,8960547
NA,NA,1985,NA,NA,NA,22732999
NA,NA,1986,NA,NA,NA,77720436
NA,NA,1986,NA,NA,85.86578333333334,121482000
NA,NA,1986,NA,NA,41.7143,56596155
NA,NA,1986,NA,NA,38.72890916666667,38584624
NA,NA,1986,NA,NA,57.04931333333333,14572278
NA,NA,1986,NA,NA,55.818485833333334,9861823
NA,NA,1986,NA,NA,54.24236833333333,7569794
NA,NA,1986,NA,NA,51.143969166666665,8369829
NA,NA,1986,NA,NA,52.772598333333335,5120534
NA,NA,1986,NA,NA,53.12743333333333,4918154
NA,NA,1986,NA,NA,28.990273333333334,10032734
NA,NA,1986,NA,NA,54.733040833333334,368355
NA,NA,1986,NA,NA,NA,342121
NA,NA,1986,NA,NA,NA,743105
NA,NA,1986,NA,NA,0.005621987916666666,1965964
NA,NA,1986,NA,NA,NA,2599892
NA,NA,1986,NA,NA,NA,3578914
NA,NA,1986,NA,NA,NA,10342227
NA,NA,1986,NA,NA,4.38126325,NA
NA,NA,1986,NA,NA,NA,37456119
NA,NA,1986,NA,NA,NA,4721446
NA,NA,1986,NA,NA,NA,8958171
NA,NA,1986,NA,NA,NA,22836841
NA,NA,1987,NA,NA,NA,77839920
NA,NA,1987,NA,NA,85.97607583333334,122069000
NA,NA,1987,NA,NA,43.69459666666667,56601931
NA,NA,1987,NA,NA,40.7614125,38684815
NA,NA,1987,NA,NA,56.654982499999996,14665037
NA,NA,1987,NA,NA,56.685559166666664,9870234
NA,NA,1987,NA,NA,55.00282083333333,7574586
NA,NA,1987,NA,NA,53.28617083333333,8397804
NA,NA,1987,NA,NA,54.89405333333333,5127024
NA,NA,1987,NA,NA,55.31258,4932123
NA,NA,1987,NA,NA,31.783437499999998,10030031
NA,NA,1987,NA,NA,54.7020275,370750
NA,NA,1987,NA,NA,NA,344485
NA,NA,1987,NA,NA,NA,754785
NA,NA,1987,NA,NA,0.013047100333333334,1989776
NA,NA,1987,NA,NA,NA,2626583
NA,NA,1987,NA,NA,NA,3616367
NA,NA,1987,NA,NA,NA,10347318
NA,NA,1987,NA,NA,4.761308,NA
NA,NA,1987,NA,NA,NA,37668045
NA,NA,1987,NA,NA,NA,4739745
NA,NA,1987,NA,NA,NA,8971359
NA,NA,1987,NA,NA,NA,22949430
NA,NA,1988,NA,NA,NA,78144619
NA,NA,1988,NA,NA,86.53601166666667,122578000
NA,NA,1988,NA,NA,45.9047775,56629288
NA,NA,1988,NA,NA,42.73315,38766939
NA,NA,1988,NA,NA,57.07306833333333,14760094
NA,NA,1988,NA,NA,57.34364333333333,9901664
NA,NA,1988,NA,NA,56.0565225,7585317
NA,NA,1988,NA,NA,56.39003666666667,8436489
NA,NA,1988,NA,NA,57.38357166666667,5129516
NA,NA,1988,NA,NA,58.12573833333334,4946481
NA,NA,1988,NA,NA,34.9940825,10019610
NA,NA,1988,NA,NA,55.48787166666667,373450
NA,NA,1988,NA,NA,NA,347325
NA,NA,1988,NA,NA,NA,766235
NA,NA,1988,NA,NA,0.038978696666666666,1995196
NA,NA,1988,NA,NA,NA,2653434
NA,NA,1988,NA,NA,NA,3655049
NA,NA,1988,NA,NA,NA,10355276
NA,NA,1988,NA,NA,5.50995425,NA
NA,NA,1988,NA,NA,NA,37824487
NA,NA,1988,NA,NA,NA,4755207
NA,NA,1988,NA,NA,NA,8981446
NA,NA,1988,NA,NA,NA,23057662
NA,NA,1989,NA,NA,NA,78751283
NA,NA,1989,NA,NA,88.52125416666667,123069000
NA,NA,1989,NA,NA,48.77833916666667,56671781
NA,NA,1989,NA,NA,45.63534416666667,38827764
NA,NA,1989,NA,NA,57.690689166666665,14848907
NA,NA,1989,NA,NA,59.12534,9937697
NA,NA,1989,NA,NA,57.496246666666664,7619567
NA,NA,1989,NA,NA,60.023402499999996,8492964
NA,NA,1989,NA,NA,60.122330833333336,5132594
NA,NA,1989,NA,NA,61.95791583333333,4964371
NA,NA,1989,NA,NA,39.4335375,10005000
NA,NA,1989,NA,NA,57.358345,377100
NA,NA,1989,NA,NA,NA,350722
NA,NA,1989,NA,NA,NA,777420
NA,NA,1989,NA,NA,0.5384686691666667,1996351
NA,NA,1989,NA,NA,NA,2666955
NA,NA,1989,NA,NA,NA,3684255
NA,NA,1989,NA,NA,NA,10361068
NA,NA,1989,NA,NA,6.45486475,NA
NA,NA,1989,NA,NA,0.9670638,37961529
NA,NA,1989,NA,NA,NA,4767260
NA,NA,1989,NA,NA,NA,8876972
NA,NA,1989,NA,NA,NA,23161458
NA,NA,1990,NA,NA,NA,79433029
NA,NA,1990,NA,NA,91.2361075,123478000
NA,NA,1990,NA,NA,51.92776583333333,56719240
NA,NA,1990,NA,NA,48.702870833333336,38867322
NA,NA,1990,NA,NA,59.106471666666664,14951510
NA,NA,1990,NA,NA,61.164164166666666,9967379
NA,NA,1990,NA,NA,59.371700000000004,7677850
NA,NA,1990,NA,NA,66.2457625,8558835
NA,NA,1990,NA,NA,61.710524166666666,5140939
NA,NA,1990,NA,NA,44.808553333333336,9983218
NA,NA,1990,NA,NA,59.22465166666667,381850
NA,NA,1990,NA,NA,NA,354170
NA,NA,1990,NA,NA,NA,788351
NA,NA,1990,NA,NA,3.5112655,1998161
NA,NA,1990,NA,NA,NA,2663151
NA,NA,1990,NA,NA,NA,3697838
NA,NA,1990,NA,NA,NA,10333355
NA,NA,1990,NA,NA,8.286083666666666,NA
NA,NA,1990,NA,NA,6.458813833333333,38110782
NA,NA,1990,NA,NA,NA,4777368
NA,NA,1990,NA,NA,NA,8718289
NA,NA,1990,NA,NA,NA,23201835
NA,NA,1991,NA,NA,94.22244833333333,123964000
NA,NA,1991,NA,NA,55.173250833333334,56758521
NA,NA,1991,NA,NA,51.59300416666667,38966376
NA,NA,1991,NA,NA,60.9731725,15069798
NA,NA,1991,NA,NA,63.13078,10004486
NA,NA,1991,NA,NA,61.3531875,7754891
NA,NA,1991,NA,NA,72.5024275,8617375
NA,NA,1991,NA,NA,50.118136666666665,9960235
NA,NA,1991,NA,NA,61.071487499999996,387000
NA,NA,1991,NA,NA,NA,363845
NA,NA,1991,NA,NA,NA,798944
NA,NA,1991,NA,NA,7.54335475,1999429
NA,NA,1991,NA,NA,NA,2650581
NA,NA,1991,NA,NA,NA,3704134
NA,NA,1991,NA,NA,32.4515625,10308578
NA,NA,1991,NA,NA,11.171093416666666,NA
NA,NA,1991,NA,NA,11.417212916666667,38246193
NA,NA,1991,NA,NA,NA,4689022
NA,NA,1991,NA,NA,NA,8632367
NA,NA,1991,NA,NA,NA,23001155
NA,NA,1992,NA,NA,95.85136,124425000
NA,NA,1992,NA,NA,58.08120666666667,56797087
NA,NA,1992,NA,NA,54.64964583333334,39157685
NA,NA,1992,NA,NA,62.914303333333336,15184166
NA,NA,1992,NA,NA,64.66357083333334,10045158
NA,NA,1992,NA,NA,63.820105,7840709
NA,NA,1992,NA,NA,74.22390083333333,8668067
NA,NA,1992,NA,NA,54.909060833333335,9952494
NA,NA,1992,NA,NA,62.99778833333333,392175
NA,NA,1992,NA,NA,NA,367618
NA,NA,1992,NA,NA,NA,810341
NA,NA,1992,NA,NA,23.37940083333333,1996498
NA,NA,1992,NA,NA,NA,2614338
NA,NA,1992,NA,NA,NA,3700114
NA,NA,1992,NA,NA,36.049305,10319123
NA,NA,1992,NA,NA,13.8136975,NA
NA,NA,1992,NA,NA,16.680385,38363667
NA,NA,1992,NA,NA,NA,4575818
NA,NA,1992,NA,NA,NA,8540164
NA,NA,1992,NA,NA,NA,22794284
NA,NA,1993,NA,NA,97.05608,124829000
NA,NA,1993,NA,NA,60.76847,56831821
NA,NA,1993,NA,NA,57.14662833333333,39361262
NA,NA,1993,NA,NA,64.540125,15290368
NA,NA,1993,NA,NA,66.44467999999999,10084475
NA,NA,1993,NA,NA,66.13791416666666,7905633
NA,NA,1993,NA,NA,58.63397,9964675
NA,NA,1993,NA,NA,65.25821083333334,397475
NA,NA,1993,NA,NA,NA,371308
NA,NA,1993,NA,NA,NA,826034
NA,NA,1993,NA,NA,30.805196666666667,1991746
NA,NA,1993,NA,NA,NA,2563290
NA,NA,1993,NA,NA,NA,3682613
NA,NA,1993,NA,NA,43.5522575,10329855
NA,NA,1993,NA,NA,16.916838333333335,NA
NA,NA,1993,NA,NA,22.846150833333333,38461408
NA,NA,1993,NA,NA,NA,4600463
NA,NA,1993,NA,NA,NA,8472313
NA,NA,1993,NA,NA,NA,22763280
NA,NA,1994,NA,NA,63.230712499999996,56843400
NA,NA,1994,NA,NA,59.843041666666664,39549108
NA,NA,1994,NA,NA,66.34823250000001,15382838
NA,NA,1994,NA,NA,68.02443166666667,10115603
NA,NA,1994,NA,NA,68.0912375,7936118
NA,NA,1994,NA,NA,61.81219,9991525
NA,NA,1994,NA,NA,66.690475,402925
NA,NA,1994,NA,NA,NA,374797
NA,NA,1994,NA,NA,NA,844667
NA,NA,1994,NA,NA,37.2717675,1989443
NA,NA,1994,NA,NA,NA,2520742
NA,NA,1994,NA,NA,NA,3657144
NA,NA,1994,NA,NA,47.92465583333333,10333587
NA,NA,1994,NA,NA,20.10872,NA
NA,NA,1994,NA,NA,30.38338583333333,38542652
NA,NA,1994,NA,NA,NA,4652024
NA,NA,1994,NA,NA,NA,8443591
NA,NA,1994,NA,NA,NA,22730211
NA,NA,1995,NA,NA,67.624255,15459006
NA,NA,1995,NA,NA,NA,377419
NA,NA,1996,NA,NA,NA,379905
NA,NA,1997,NA,NA,NA,382791
NA,NA,1998,NA,NA,NA,385287
NA,NA,1999,NA,NA,NA,387578
